Company / Outreach Account	Brands / Business Units	In Italy?	Locations	Master-fit Themes	Matching Job Titles	Job Links	Role Count	Curricular Evidence	Work Modes	Sources / Portals	Previously Contacted?	Contact Search Status	Contact Name	Contact Role	Contact Email / LinkedIn	Outreach Decision	Notes	Verification Status	Last Checked	First Contact Date	Recall
Bain & Company		Mixed	Milan, Lombardy, Italy; Madrid, Community of Madrid, Spain	Service Design / CX; Business / Innovation Strategy; Product / UX	1. Digital Product Design Intern (Milan) | 2. Digital Product Design Intern (Madrid)	1. https://careers.bain.com/jobs/FolderDetail/Intern-Design-Milan-Rome-main-folder/109254 alt. https://it.linkedin.com/jobs/view/4461071537 | 2. https://it.linkedin.com/jobs/view/4461079438	2	To verify	onsite	LinkedIn Jobs	No	Not started				Review	[UPDATE EXISTING ROW] 2 new role(s). 1. [pertinente] Match score: 95/100; Full strategic-design process: research, journeys and personas, ideation workshops, prototyping and new service concepts. 2. [pertinente] Match score: 95/100; Design intern on the full strategic design process: ethnography, journey maps, ideation workshops, prototyping.	Employer verified active; posting confirmed live on the employer's own careers site	2026-09-17		
Deloitte		No	La Défense, Île-de-France, France	Service Design / CX; Product / UX; Business / Innovation Strategy; Consulting / Operations; Transformation / Change	1. Deloitte Digital - Stage Consultant CX / Service Design - F/H | 2. Deloitte Digital - Stage Product Designer F/H | 3. Stage de fin d’études Strategy & Business Design (FSI / Payments) F/H | 4. Deloitte Capital Humain - Stage Conseil en organisation, conduite du changement, stratégie sociale et digital RH F/H | 5. Stagiaire de fin d’études – Junior Innovation & Emerging Tech Officer F/H | 6. Stage Consultant IA & Business Transformation F/H	1. https://it.linkedin.com/jobs/view/4443869643 | 2. https://it.linkedin.com/jobs/view/4441705837 | 3. https://it.linkedin.com/jobs/view/4320094634 | 4. https://it.linkedin.com/jobs/view/4464528932 | 5. https://it.linkedin.com/jobs/view/4391219762 | 6. https://it.linkedin.com/jobs/view/4432860801	6	curricular	onsite	LinkedIn Jobs	No	No suitable contact				Review	[UPDATE EXISTING ROW] 6 new role(s). 1. [pertinente] Match score: 92/100; Stage de fin d'études on client experience projects doing user research, omni-channel journey design and CX deliverables. 2. [pertinente] Match score: 92/100; Product Design stage de fin d'études: user research, co-design workshops, journey prototyping and specs. 3. [pertinente] Match score: 85/100; Strategy & Business Design stage on hypotheses, market analysis, business cases and recommendations for payments/FSI. 4. [pertinente] Match score: 78/100; Change-management consulting stage: organisational diagnostics, transformation trajectories, workshops and adoption. 5. [pertinente] Match score: 70/100; Innovation officer stage structuring new AI/innovation offers and running POCs, plus PMO-style tracking and acculturation. 6. [adiacente] Match score: 65/100; Business-need analysis and AI use-case design for customer experience, but the stage centres on designing/configuring Salesforce solutions. NOTE: the Milan Deloitte posting found by this run is closed; the roles below are Deloitte France. Canonical history holds a German Deloitte entity, so the outreach account needs a human decision (index/company-aliases.csv).	Portal verified; To verify — employer entity and account	2026-09-17		
BIP		Yes	Milan, Lombardy, Italy	Service Design / CX; Business / Innovation Strategy; Transformation / Change; Consulting / Operations	1. Junior Project Manager – Innovation & Collaboration - Stage | 2. Internship - Junior Consultant Life Sciences	1. https://fa-etjb-saasfaprod1.fa.ocs.oraclecloud.com/hcmUI/CandidateExperience/en/sites/CX_1/job/2253/ alt. https://it.linkedin.com/jobs/view/4468225919 | 2. https://it.linkedin.com/jobs/view/4467715179	2	To verify	hybrid	LinkedIn Jobs	Yes	Contacted				Review	[UPDATE EXISTING ROW] 2 new role(s). 1. [pertinente] Match score: 90/100; Explicit service-design practice: co-design workshops, qualitative research, journey maps and blueprints to redesign services. 2. [adiacente] Match score: 55/100; Strategy consulting for pharma with evidence gathering and analysis, but no stated design or CX responsibilities.	Employer verified active; posting confirmed live on the employer's own careers site	2026-09-17		
Amplifon		Yes	Milan, Lombardy, Italy	CRM / Customer Intelligence; Service Design / CX; Business / Innovation Strategy	1. Global CRM & Customer Intelligence Internship | 2. Global Market Insights Internship | 3. Italy Business Planning Internship	1. https://careers.amplifon.com/en/sites/CX_1/job/20457/ alt. https://it.linkedin.com/jobs/view/4467208467 | 2. https://careers.amplifon.com/en/sites/CX_1/job/21152/ alt. https://it.linkedin.com/jobs/view/4465810283 | 3. https://it.linkedin.com/jobs/view/4466090725	3	curricular	hybrid	LinkedIn Jobs	No	Contacted				Review	[UPDATE EXISTING ROW] 3 new role(s). 1. [pertinente] Match score: 88/100; Customer behaviour analysis, segmentation and profiling with recommendations on CRM campaigns. 2. [pertinente] Match score: 78/100; Designs and runs qualitative/quantitative research, then turns results into customer and market insight. 3. [adiacente] Match score: 52/100; Sales-forecast and commercial-planning analytics with customer-type deep dives; controlling rather than strategy design.	Employer verified active; posting confirmed live on the employer's own careers site	2026-09-17		
JAKALA		Yes	Milan, Lombardy, Italy	Business / Innovation Strategy; CRM / Customer Intelligence	1. Intern / Business Analyst (Maize) | 2. Intern / Business Operations & Revenue Management | 3. Intern / Client Strategy Telco, Media & Energy	1. https://it.linkedin.com/jobs/view/4465204040 | 2. https://it.linkedin.com/jobs/view/4459955678 | 3. https://it.linkedin.com/jobs/view/4459508825	3	To verify	hybrid	LinkedIn Jobs	To verify	Not started				Review	[UPDATE EXISTING ROW] 3 new role(s). 1. [pertinente] Match score: 85/100; Stage nello studio di innovation design Maize: analisi di mercato, scouting, nuovi modelli di business e go-to-market. 2. [adiacente] Match score: 55/100; Business e data analysis interna con business case e forecasting: supporto analitico all'area 2, senza progettazione di servizi. 3. [adiacente] Match score: 50/100; Data analytics e AI al servizio della strategia clienti, ma le attività descritte restano generiche e non dettagliano il metodo di design.	Portal verified; To verify — curricular status, work mode and employer page	2026-09-17		
KPMG Italy		Yes	Milan, Lombardy, Italy	Business / Innovation Strategy; Transformation / Change; Service Design / CX; Consulting / Operations	1. Junior Consultant / Financial Services | 2. Junior Consultant / Business Transformation | 3. Junior Healthcare Consultant / Milano | 4. Junior Consultant - Public Sector - Sanità Milano | 5. IT Business Analyst SAP - Consumer and Industrial Market (Intern) | 6. IT Business Analyst SAP - Financial Services (Intern) | 7. Junior Intelligent Automation - Digital Transformation Intern	1. https://it.linkedin.com/jobs/view/4443776221 | 2. https://it.linkedin.com/jobs/view/4443138920 | 3. https://it.linkedin.com/jobs/view/4449114418 | 4. https://it.linkedin.com/jobs/view/4464523853 | 5. https://it.linkedin.com/jobs/view/4439410570 | 6. https://it.linkedin.com/jobs/view/4392873977 | 7. https://it.linkedin.com/jobs/view/4436214170	7	curricular or extracurricular	hybrid	LinkedIn Jobs	To verify	Not started				Review	[HISTORY TO VERIFY] 7 new role(s). 1. [pertinente] Match score: 85/100; Strategia, business plan, studi di fattibilità e analisi di mercato/benchmarking nel financial services. 2. [pertinente] Match score: 82/100; Ridisegno di modelli operativi e processi con change management e valutazione degli impatti: area Transformation piena. 3. [pertinente] Match score: 78/100; Strategie per il SSN con progettazione dell'esperienza utente/paziente e ripensamento di servizi e modelli operativi. 4. [pertinente] Match score: 72/100; Stage di consulenza su processi e organizzazioni sanitarie con studi di fattibilità e modelli di governance. 5. [adiacente] Match score: 55/100; Raccolta requisiti e disegno di soluzioni, ma l'oggetto è l'implementazione SAP, quindi sistema informativo più che servizio. 6. [adiacente] Match score: 55/100; Stessa natura del gemello Consumer & Industrial: analisi requisiti e disegno soluzione su piattaforma SAP. 7. [adiacente] Match score: 50/100; Studio di fattibilità e flussi operativi presenti, ma il ruolo è sviluppo su piattaforme di automazione (RPA/low-code).	Employer verified active; posting confirmed live on the employer's own careers site	2026-09-17		
MANGO		No	Palau-solità i Plegamans, Catalonia, Spain	CRM / Customer Intelligence; Product / UX; Service Design / CX; Transformation / Change; Consulting / Operations	1. QUANTITATIVE RESEARCHER INTERN | 2. TRANSFORMATION OFFICE INTERN	1. https://it.linkedin.com/jobs/view/4425990946 | 2. https://it.linkedin.com/jobs/view/4444402972	2	curricular	hybrid	LinkedIn Jobs	No	Not started				Review	[UPDATE EXISTING ROW] 2 new role(s). 1. [pertinente] Match score: 84/100; CX-team quantitative researcher internship: consumer research design, data-to-insight analysis and concrete proposals. 2. [adiacente] Match score: 58/100; Transformation-office support: monitoring initiatives, executive decks and KPI analysis rather than designing change.	Portal verified; To verify — curricular status, work mode and employer page	2026-09-17		
Danone		No	Paris, Île-de-France, France; Barcelona, Catalonia, Spain; Zoetermeer, South Holland, Netherlands	Business / Innovation Strategy; Transformation / Change; Consulting / Operations	1. STAGE - Global Strategy – Janvier 2027 ou Mars 2027 (H/F) | 2. Internship – EDP Strategy – January 2027 - M/W | 3. BtheOne - Organization and Transformation Intern | 4. HR Organizational Development Intern | 5. Operations Project Management Intern	1. https://it.linkedin.com/jobs/view/4459856963 | 2. https://it.linkedin.com/jobs/view/4464362609 | 3. https://it.linkedin.com/jobs/view/4425998792 | 4. https://it.linkedin.com/jobs/view/4426305769 | 5. https://it.linkedin.com/jobs/view/4461240592	5	curricular	hybrid | onsite	LinkedIn Jobs	No	Not started				Review	[UPDATE EXISTING ROW] 5 new role(s). 1. [pertinente] Match score: 82/100; Group strategy stage on three-year plan, market/competitor analysis and prioritisation of growth opportunities. 2. [pertinente] Match score: 78/100; Strategy internship building the three-year category plan and competitive intelligence for EDP. 3. [pertinente] Match score: 64/100; Organisation & development internship centred on change management and landing a new organisational design. 4. [pertinente] Match score: 64/100; HR organisation & development internship centred on change management and organisational design landing. 5. [adiacente] Match score: 60/100; Process diagnosis and change/training for AI adoption, but the bulk is data preparation and supporting AI tool roll-out.	Portal verified; To verify — curricular status, work mode and employer page	2026-09-17		
EssilorLuxottica		Yes	Milan, Lombardy, Italy	Transformation / Change; Consulting / Operations; Business / Innovation Strategy	1. Organizational Development Internship | 2. Business Analyst Internship	1. https://it.linkedin.com/jobs/view/4460605305 | 2. https://it.linkedin.com/jobs/view/4455417772	2	To verify	To verify	LinkedIn Jobs	No	No suitable contact				Review	[UPDATE EXISTING ROW] 2 new role(s). 1. [pertinente] Match score: 82/100; As-is/to-be, proposta di nuove strutture e processi e tracking dell'implementazione. 2. [pertinente] Match score: 68/100; Analisi di business e identificazione di opportunità sui canali distributivi.	Portal verified; To verify — curricular status, work mode and employer page	2026-09-17		
Gruppo Excellence		Yes	Milan, Lombardy, Italy	Business / Innovation Strategy	1. Analyst FSI - Stage	1. https://it.linkedin.com/jobs/view/4459969401	1	To verify	To verify	LinkedIn Jobs	To verify	Not started				Review	[NEW COMPANY] 1 new role(s). 1. [pertinente] Match score: 82/100; Stage in consulenza direzionale FSI con analisi di mercato, business case e action plan, nucleo dell'area Business/Innovation Strategy.	Portal verified; To verify — curricular status, work mode and employer page	2026-09-17		
Lattanzio KIBS Benefit Corporation		Yes	Milan, Lombardy, Italy	Service Design / CX; Consulting / Operations	1. Visiting Junior Consultant	1. https://it.linkedin.com/jobs/view/4457254589	1	To verify	To verify	LinkedIn Jobs	To verify	Not started				Review	[NEW COMPANY] 1 new role(s). 1. [pertinente] Match score: 82/100; Tirocinio di consulenza su citizen experience, ridisegno di processi e modelli organizzativi della PA.	Portal verified; To verify — curricular status, work mode and employer page	2026-09-17		
Avanade		Yes	Milan, Lombardy, Italy	Transformation / Change	1. Organizational Change Management_Intern	1. https://www.avanade.com/en/career/job-details/R00311688 alt. https://it.linkedin.com/jobs/view/4418973888	1	To verify	hybrid	LinkedIn Jobs	To verify	Not started				Review	[NEW COMPANY] 1 new role(s). 1. [pertinente] Match score: 80/100; Designs and delivers change-management, training and internal-communication plans for organisational adoption.	Employer verified active; posting confirmed live on the employer's own careers site	2026-09-17		
Cerved		Yes	Milan, Lombardy, Italy	Business / Innovation Strategy; Transformation / Change; Consulting / Operations	1. MBS Junior Business Analyst - Intern	1. https://it.linkedin.com/jobs/view/4382588642	1	To verify	hybrid	LinkedIn Jobs	To verify	Not started				Review	[NEW COMPANY] 1 new role(s). 1. [pertinente] Match score: 80/100; Consulenza direzionale su strategie di trasformazione e miglioramento delle performance.	Portal verified; To verify — curricular status, work mode and employer page	2026-09-17		
KIKO MILANO		Yes	Milan, Lombardy, Italy	CRM / Customer Intelligence; Business / Innovation Strategy	1. Consumer & Market Insights Intern	1. https://it.linkedin.com/jobs/view/4459518160	1	To verify	To verify	LinkedIn Jobs	No	Contacted				Review	[UPDATE EXISTING ROW] 1 new role(s). 1. [pertinente] Match score: 80/100; Consumer & market insights: analisi di mercato e consumatore trasformata in raccomandazioni per il business.	Blocked — employer site behind CAPTCHA/bot wall; portal page verified only	2026-09-17		
papernest		No	Paris, Île-de-France, France; Barcelona, Catalonia, Spain	Business / Innovation Strategy; Consulting / Operations; CRM / Customer Intelligence; Service Design / CX	1. Corporate Strategy Analyst Intern | 2. Strategy & Revenue Analyst Intern - Spanish market | 3. Revenue Growth Strategist Intern | 4. Chief of Staff Intern | 5. Ops Lab & Go-to-Market Intern - FR - BCN | 6. Digital Marketing & CRM Project Intern | 7. Digital Marketing Project Manager - Internship | 8. Strategy & Operations Analyst Intern - Paris	1. https://it.linkedin.com/jobs/view/4461552219 | 2. https://it.linkedin.com/jobs/view/4457351555 | 3. https://it.linkedin.com/jobs/view/4457330578 | 4. https://it.linkedin.com/jobs/view/4458221499 | 5. https://it.linkedin.com/jobs/view/4458755600 | 6. https://it.linkedin.com/jobs/view/4457395972 | 7. https://it.linkedin.com/jobs/view/4467744519 | 8. https://it.linkedin.com/jobs/view/4458290413	8	curricular	hybrid | onsite	LinkedIn Jobs	No	Not started				Review	[UPDATE EXISTING ROW] 8 new role(s). 1. [pertinente] Match score: 80/100; Corporate strategy internship doing market/competitive analysis, business plan and recommendations for top management. 2. [pertinente] Match score: 74/100; Strategy & revenue internship with offering/portfolio analysis, opportunity identification and business recommendations. 3. [pertinente] Match score: 74/100; Revenue growth internship analysing offer strategy, funnels and market trends into actionable recommendations. 4. [pertinente] Match score: 72/100; Chief of Staff internship with real strategic analysis and recommendations, alongside executive coordination and comms. 5. [pertinente] Match score: 72/100; Innovation-lab internship: idea collection, prioritisation, real-life testing, results analysis and scaling. 6. [pertinente] Match score: 70/100; CRM/lifecycle internship designing multichannel customer journeys and turning test analyses into actionable recommendations. 7. [pertinente] Match score: 70/100; CRM/lifecycle internship designing multichannel customer journeys and turning test analyses into actionable recommendations. 8. [adiacente] Match score: 55/100; Strategy & ops internship in a new-business team, but responsibilities are stated only at a very high level.	Portal verified; To verify — curricular status, work mode and employer page	2026-09-17		
Siemens		No	Munich, Bavaria, Germany	Business / Innovation Strategy; Consulting / Operations; Transformation / Change	1. Strategy Consulting Intern (f/m/d) - Start dates: October-March	1. https://it.linkedin.com/jobs/view/4429247906	1	curricular	onsite	LinkedIn Jobs	Yes	Contacted				Review	[UPDATE EXISTING ROW] 1 new role(s). 1. [pertinente] Match score: 80/100; Siemens Advanta consulting internship on market/competitor analysis, strategy roadmaps and client workshops.	Portal verified; To verify — curricular status, work mode and employer page	2026-09-17		
Altman Solon		No	Munich, Bavaria, Germany	Business / Innovation Strategy; Consulting / Operations	1. Strategy Consulting Intern TMT (m/f/d)	1. https://it.linkedin.com/jobs/view/4354477035	1	curricular	onsite	LinkedIn Jobs	No	Not started				Review	[UPDATE EXISTING ROW] 1 new role(s). 1. [pertinente] Match score: 78/100; Strategy consulting internship doing market research and strategic analysis on client projects.	Portal verified; To verify — curricular status, work mode and employer page	2026-09-17		
AXA Italia		Yes	Milan, Lombardy, Italy	Business / Innovation Strategy; Transformation / Change	1. Stage Strategy | 2. Stage Project Manager GenAI	1. https://careers.axa.com/careers-home/jobs/27393 alt. https://it.linkedin.com/jobs/view/4467753574 | 2. https://it.linkedin.com/jobs/view/4458763741	2	To verify	hybrid	LinkedIn Jobs	To verify	Not started				Review	[NEW COMPANY] 2 new role(s). 1. [pertinente] Match score: 78/100; Strategy office doing scenario, market and competitor analysis and strategic-project support. 2. [adiacente] Match score: 55/100; Runs the innovation programme from idea generation to demand plus GenAI change management, but the intern bullets are document updates and materials.	Employer verified active; posting confirmed live on the employer's own careers site	2026-09-17		
BMW Group		No	Munich, Bavaria, Germany	Business / Innovation Strategy	1. Intern Innovation Strategy Mobility (f/m/x)	1. https://it.linkedin.com/jobs/view/4465998520	1	curricular	hybrid	LinkedIn Jobs	No	Not started				Review	[UPDATE EXISTING ROW] 1 new role(s). 1. [pertinente] Match score: 78/100; Innovation strategy internship tracking trends and building strategic fields of action for mobility.	Portal verified; To verify — curricular status, work mode and employer page	2026-09-17		
Capgemini		No	Utrecht, Utrecht, Netherlands; Issy-les-Moulineaux, Île-de-France, France	Transformation / Change; Business / Innovation Strategy; Consulting / Operations	1. Meewerkstage Enterprise Model & Strategy - NL | 2. Consultante / Consultant Entreprise Transformation - Stage	1. https://it.linkedin.com/jobs/view/4456255196 | 2. https://it.linkedin.com/jobs/view/4462865286	2	curricular	hybrid | onsite	LinkedIn Jobs	Yes	Contacted				Review	[UPDATE EXISTING ROW] 2 new role(s). 1. [pertinente] Match score: 78/100; Werkstage on internal org redesign, strategic analyses and facilitating workshops/MT sessions - genuine organisational change work. 2. [pertinente] Match score: 76/100; Stage de fin d'études in entreprise transformation: interviews, co-construction workshops and strategic recommendations.	Portal verified; To verify — curricular status, work mode and employer page	2026-09-17		
IKEA		Yes	Carugate, Lombardy, Italy	Service Design / CX; Consulting / Operations	1. Stage Customer Experience B2B - IKEA Store	1. https://jobs.ikea.com/pt-br/vaga/carugate/stage-customer-experience-b2b-ikea-store/24107/100632528448 alt. https://it.linkedin.com/jobs/view/4465779727	1	To verify	onsite	LinkedIn Jobs	To verify	Not started				Review	[NEW COMPANY] 1 new role(s). 1. [pertinente] Match score: 78/100; Sviluppo di nuovi servizi e modalità di servizio per clienti B2B con analisi delle criticità post-vendita: esperienza e servizio al centro.	Employer verified active; posting confirmed live on the employer's own careers site	2026-09-17		
PwC Italy		Yes	Milan, Lombardy, Italy	Transformation / Change; Business / Innovation Strategy; CRM / Customer Intelligence; Consulting / Operations; Product / UX	1. Advisory Intern – Operating Model Transformation FS - Milano | 2. Innovation Management - Intern - Milano [DIG] | 3. Business & Technology Junior Consultant - Milano - INTERNSHIP | 4. Digital Transformation Intern - Milano [DIG] | 5. Strategy& / Corporate & Business Strategy Intern - Milan | 6. Intern Consultant Programm&Business PMO - Milano | 7. IT Project Management - INTERNSHIP - Milano | 8. Web Designer Stage - Milano [IFS] | 9. Business & Technology Consultant (Financial Services) – INTERNSHIP – Milano [ADV] | 10. GenAI Adoption Intern - Milano [DIG]	1. https://it.linkedin.com/jobs/view/4432404587 | 2. https://it.linkedin.com/jobs/view/4410096529 | 3. https://it.linkedin.com/jobs/view/4266637618 | 4. https://it.linkedin.com/jobs/view/4449019386 | 5. https://it.linkedin.com/jobs/view/4439323390 | 6. https://it.linkedin.com/jobs/view/4436380432 | 7. https://it.linkedin.com/jobs/view/4266635984 | 8. https://it.linkedin.com/jobs/view/4464335096 | 9. https://it.linkedin.com/jobs/view/4428358385 | 10. https://it.linkedin.com/jobs/view/4333857414	10	To verify	To verify	LinkedIn Jobs	To verify	Not started				Review	[NEW COMPANY] 10 new role(s). 1. [pertinente] Match score: 78/100; Target operating model and process redesign with change management for banking operations. 2. [pertinente] Match score: 75/100; Market trend analysis, opportunity identification and consumer segmentation feeding business strategy. 3. [pertinente] Match score: 72/100; As-is operating-model analysis, redesign, design workshops and transformation roadmaps, with explicit design thinking. 4. [pertinente] Match score: 68/100; Process analysis via interviews and workshops plus identification of digitalisation/automation opportunities. 5. [pertinente] Match score: 55/100; Strategy consulting internship: market trend analysis, performance assessment and recommendations, though stated generically. 6. [adiacente] Match score: 52/100; Detailed process analysis and efficiency-opportunity identification, framed as PMO support for banking transformation. 7. [adiacente] Match score: 45/100; PMO and project-management delivery support on digital transformation programmes. 8. [adiacente] Match score: 45/100; Web content/layout production with usability review and requirements support, but no research, flows or prototype testing. 9. [adiacente] Match score: 42/100; Process reengineering carried out inside a mainly IT-architecture, governance and compliance scope. 10. [adiacente] Match score: 42/100; Adoption and change enablement for GenAI, but no concrete activities are listed beyond the mission statement.	Portal verified; To verify — curricular status, work mode and employer page	2026-09-17		
Revolut		No	Spain	Product / UX; Business / Innovation Strategy	1. Internship Programme 2027: Product Owner (UX)	1. https://it.linkedin.com/jobs/view/4418826646	1	curricular	hybrid	LinkedIn Jobs	No	Not started				Review	[UPDATE EXISTING ROW] 1 new role(s). 1. [pertinente] Match score: 78/100; Product Owner (UX) internship: product strategy support, user feedback/market analysis, user testing and iteration.	Portal verified; To verify — curricular status, work mode and employer page	2026-09-17		
Sia		Mixed	Paris, Île-de-France, France; Milan, Lombardy, Italy	Transformation / Change; Business / Innovation Strategy; Consulting / Operations	1. Final Year Internship Consultant - Transport, Manufacturing & Retail | 2. Stage - Consultant IT & Digital Transformation	1. https://it.linkedin.com/jobs/view/4465697490 | 2. https://it.linkedin.com/jobs/view/4464355776	2	curricular	onsite	LinkedIn Jobs	No	Not started				Review	[UPDATE EXISTING ROW] 2 new role(s). 1. [pertinente] Match score: 78/100; Final-year consulting internship covering organisational transformation, process redesign and change management. 2. [adiacente] Match score: 40/100; IT-advisory consulting delivery whose stated tasks are deliverables, minutes, data analysis and proposal support.	Portal verified; To verify — curricular status, work mode and employer page	2026-09-17		
Wavestone		No	Puteaux, Île-de-France, France; Paris, Île-de-France, France	Transformation / Change; Business / Innovation Strategy; Consulting / Operations	1. AI Strategy & Business Transformation - Stage de fin d'études (H/F) | 2. AI Strategy & Business Transformation - Stage de fin d'études (H/F) | 3. AI Strategy and Governance - Stage de fin d'études (H/F)	1. https://it.linkedin.com/jobs/view/4465224280 | 2. https://it.linkedin.com/jobs/view/4462186444 | 3. https://it.linkedin.com/jobs/view/4465218337	3	curricular	hybrid	LinkedIn Jobs	No	Not started				Review	[UPDATE EXISTING ROW] 3 new role(s). 1. [pertinente] Match score: 76/100; AI-for-business-transformation consulting stage: use-case prioritisation, process redesign and change/adoption. 2. [pertinente] Match score: 76/100; AI & business transformation stage: opportunity identification, transformation roadmaps, change and adoption. 3. [pertinente] Match score: 76/100; AI strategy & governance stage: strategic studies, framing workshops, use-case analysis, transformation roadmaps.	Portal verified; To verify — curricular status, work mode and employer page	2026-09-17		
Banca Mediolanum		Yes	Basiglio, Lombardy, Italy	Service Design / CX; CRM / Customer Intelligence	1. Stage Market Research	1. https://it.linkedin.com/jobs/view/4441338465	1	To verify	hybrid	LinkedIn Jobs	No	Not started				Review	[UPDATE EXISTING ROW] 1 new role(s). 1. [pertinente] Match score: 75/100; Designs research projects and questionnaires, analyses results and presents customer insight to stakeholders.	Portal verified; To verify — curricular status, work mode and employer page	2026-09-17		
Be | Shaping the Future		Yes	Milan, Lombardy, Italy	Transformation / Change; Business / Innovation Strategy; Consulting / Operations	1. Neolaureati/e / Economia, Finanza, Ingegneria (Internship - Milano) | 2. Neolaureati/e / Consulting - Digital Banking & Payments (Internship - Milano)	1. https://it.linkedin.com/jobs/view/4462145793 | 2. https://it.linkedin.com/jobs/view/4458719916	2	To verify	To verify	LinkedIn Jobs	To verify	Not started				Review	[NEW COMPANY] 2 new role(s). 1. [pertinente] Match score: 75/100; As-is/to-be assessment, process reengineering and transformation roadmap for financial-services clients. 2. [adiacente] Match score: 52/100; Business-requirements gathering for banking process digitalisation, delivered largely as Excel/PowerPoint analysis.	Portal verified; To verify — curricular status, work mode and employer page	2026-09-17		
Kirey		Yes	Milan, Lombardy, Italy	Consulting / Operations; Business / Innovation Strategy	1. Junior Business Analyst kirey Advisory - Internship	1. https://it.linkedin.com/jobs/view/4443933260	1	To verify	hybrid	LinkedIn Jobs	To verify	Not started				Review	[NEW COMPANY] 1 new role(s). 1. [pertinente] Match score: 75/100; Consulenza direzionale in stage: mappatura processi, modelli organizzativi, business case e benchmarking.	Portal verified; To verify — curricular status, work mode and employer page	2026-09-17		
Medtronic		Yes	Milan, Lombardy, Italy	Business / Innovation Strategy	1. Tirocinio extracurriculare: Enterprise Account Intern	1. https://it.linkedin.com/jobs/view/4464987668	1	extracurricular	hybrid	LinkedIn Jobs	To verify	Not started				Review	[NEW COMPANY] 1 new role(s). 1. [pertinente] Match score: 75/100; Market/organisation analysis, account planning and new-account evaluation feeding strategic initiatives.	Portal verified; To verify — curricular status, work mode and employer page	2026-09-17		
Accenture Italia		Yes	Milan, Lombardy, Italy	Transformation / Change; Consulting / Operations; Product / UX; Service Design / CX; Business / Innovation Strategy	1. Intellera Public Service Local - Digital Transformation Intern | 2. Stage in area Accenture Song | 3. Talent Transformation Analyst - Intern | 4. Innovation Analyst Internship | 5. Tech Intern - Accenture Customer Innovation Network	1. https://it.linkedin.com/jobs/view/4419336461 | 2. https://it.linkedin.com/jobs/view/4461997219 | 3. https://it.linkedin.com/jobs/view/4466104197 | 4. https://it.linkedin.com/jobs/view/4328079505 | 5. https://it.linkedin.com/jobs/view/4414400002	5	To verify	hybrid	LinkedIn Jobs	To verify	Not started				Review	[HISTORY TO VERIFY] 5 new role(s). 1. [pertinente] Match score: 72/100; As-is/to-be process reengineering, requirements and change management for public services; a share is IT governance/compliance. 2. [adiacente] Match score: 58/100; User interviews and UX/UI work sit alongside graphic asset production and media campaign optimisation. 3. [adiacente] Match score: 58/100; HR-process design and change-management phases are relevant, but the vehicle is SAP/Oracle HCM configuration. 4. [adiacente] Match score: 50/100; Open-innovation/scouting work touches opportunity identification but the base is industrial tech scouting, not design method. 5. [adiacente] Match score: 50/100; Tech-trend research and innovation ideation support, largely analysis and reports rather than defined design work. The Accenture Song posting R00256177_it now redirects to the Italian job search page; removed on the employer side.	Portal verified; To verify — employer page removed, one role closed	2026-09-17		
Bending Spoons		Yes	Milan, Lombardy, Italy	Product / UX; Business / Innovation Strategy	1. Growth manager, summer intern | 2. Product manager, summer intern	1. https://it.linkedin.com/jobs/view/4466573025 | 2. https://it.linkedin.com/jobs/view/4466565146	2	To verify	To verify	LinkedIn Jobs	To verify	Not started				Review	[NEW COMPANY] 2 new role(s). 1. [pertinente] Match score: 72/100; Product growth internship built on user research, opportunity framing and experiment-driven iteration. 2. [pertinente] Match score: 72/100; Product-manager internship covering user research, insight synthesis, experimentation and end-to-end product iteration.	Portal verified; To verify — curricular status, work mode and employer page	2026-09-17		
GLS Italy		Yes	San Giuliano Milanese, Lombardy, Italy	Transformation / Change; Consulting / Operations	1. Operations Transformation & Analytics Intern	1. https://it.linkedin.com/jobs/view/4450300751	1	To verify	hybrid	LinkedIn Jobs	To verify	Not started				Review	[NEW COMPANY] 1 new role(s). 1. [pertinente] Match score: 72/100; Progetti di trasformazione operativa dalla definizione dello scope alla delivery, con analisi di processo e KPI.	Portal verified; To verify — curricular status, work mode and employer page	2026-09-17		
Intercos Group		Yes	Agrate Brianza, Lombardy, Italy; Olgiate Comasco, Lombardy, Italy	Business / Innovation Strategy; Transformation / Change; Product / UX	1. Internship Innovation Project Manager | 2. Internship Product Development Body, Personal Care, Fragrance, Ancillaries	1. https://it.linkedin.com/jobs/view/4461752655 | 2. https://it.linkedin.com/jobs/view/4457943106	2	To verify	onsite	LinkedIn Jobs	To verify	Not started				Review	[NEW COMPANY] 2 new role(s). 1. [pertinente] Match score: 72/100; Gestione del processo di innovazione con workshop, roadmap e business case in contesto cross-funzionale. 2. [adiacente] Match score: 38/100; Sviluppo prodotto cosmetico tecnico (texture, packaging, documentazione) con solo una componente di analisi trend/mercato.	Portal verified; To verify — curricular status, work mode and employer page	2026-09-17		
Lipari Consulting		Yes	Milan, Lombardy, Italy	Consulting / Operations; Business / Innovation Strategy	1. Junior Business Consultant	1. https://it.linkedin.com/jobs/view/4370705728	1	To verify	hybrid	LinkedIn Jobs	To verify	Not started				Review	[NEW COMPANY] 1 new role(s). 1. [pertinente] Match score: 72/100; Consulenza direzionale con revisione processi e strategie di crescita, inserimento iniziale tramite stage.	Portal verified; To verify — curricular status, work mode and employer page	2026-09-17		
LSC - LifeSciences Consultants		Yes	Milan, Lombardy, Italy	Business / Innovation Strategy	1. Business Analyst Intern - Life Sciences Strategy (Milan)	1. https://it.linkedin.com/jobs/view/4435201700	1	To verify	To verify	LinkedIn Jobs	No	Contacted				Review	[UPDATE EXISTING ROW] 1 new role(s). 1. [pertinente] Match score: 72/100; Business Analyst Intern in consulenza strategica life sciences: analisi di mercato, sintesi di insight e raccomandazioni al cliente.	Portal verified; To verify — curricular status, work mode and employer page	2026-09-17		
Nadara		Yes	Trezzano sul Naviglio, Lombardy, Italy	Business / Innovation Strategy	1. Junior Energy Specialist - Intern	1. https://it.linkedin.com/jobs/view/4465238512	1	To verify	hybrid	LinkedIn Jobs	To verify	Not started				Review	[NEW COMPANY] 1 new role(s). 1. [pertinente] Match score: 72/100; Regulatory/market scenario analysis, feasibility studies and development of innovative business models.	Portal verified; To verify — curricular status, work mode and employer page	2026-09-17		
Intellera Consulting		Yes	Milan, Lombardy, Italy	Consulting / Operations; Transformation / Change	1. PMO IT - Intern Milano	1. https://it.linkedin.com/jobs/view/4438197418	1	To verify	hybrid	LinkedIn Jobs	Yes	Contacted				Review	[UPDATE EXISTING ROW] 1 new role(s). 1. [pertinente] Match score: 70/100; Consulenza di digital transformation per la PA con raccolta requisiti, analisi di processi e modelli organizzativi, oltre al PMO.	Employer verified active; posting confirmed live on the employer's own careers site	2026-09-17		
Masco Group		Yes	Settala, Lombardy, Italy	Business / Innovation Strategy; Transformation / Change	1. Analyst Intern	1. https://careers.kpmg.it/job/Milano-Junior-Consultant-Business-Transformation/1367356557/ alt. https://it.linkedin.com/jobs/view/4467965269	1	extracurricular	hybrid	LinkedIn Jobs	To verify	Not started				Review	[NEW COMPANY] 1 new role(s). 1. [pertinente] Match score: 70/100; Quantitative/qualitative analysis, business cases and workshop participation inside a cross-functional transformation programme.	Portal verified; To verify — curricular status, work mode and employer page	2026-09-17		
The HEINEKEN Company		Yes	Sesto San Giovanni, Lombardy, Italy	Transformation / Change; CRM / Customer Intelligence; Business / Innovation Strategy	1. Transformation Trainee | 2. Category Development & Shopper Trainee | 3. Customer Plan Trainee	1. https://it.linkedin.com/jobs/view/4466103094 | 2. https://it.linkedin.com/jobs/view/4461312249 | 3. https://it.linkedin.com/jobs/view/4461315179	3	To verify	To verify	LinkedIn Jobs	To verify	Not started				Review	[HISTORY TO VERIFY] 3 new role(s). 1. [pertinente] Match score: 70/100; Explicit as-is/to-be process mapping plus stakeholder requirements gathering and roadmap alignment. 2. [pertinente] Match score: 60/100; Shopper/category insight generation turned into commercial recommendations and in-store tests. 3. [adiacente] Match score: 45/100; Customer clustering and commercial insight, but a large share is data-collection tooling and sales-force monitoring.	Portal verified; To verify — curricular status, work mode and employer page	2026-09-17		
TNP Italia		Yes	Milan, Lombardy, Italy	Consulting / Operations; Business / Innovation Strategy; Transformation / Change	1. Intern Consultant	1. https://it.linkedin.com/jobs/view/4459525328	1	To verify	To verify	LinkedIn Jobs	To verify	Not started				Review	[NEW COMPANY] 1 new role(s). 1. [pertinente] Match score: 70/100; Transformation and operational-performance consulting with market research, benchmarking and recommendations.	Portal verified; To verify — curricular status, work mode and employer page	2026-09-17		
Valuement		Yes	Assago, Lombardy, Italy	Business / Innovation Strategy; Consulting / Operations	1. Strategy Consulting Intern	1. https://it.linkedin.com/jobs/view/4462242589	1	To verify	hybrid	LinkedIn Jobs	No	Not started				Review	[UPDATE EXISTING ROW] 1 new role(s). 1. [pertinente] Match score: 70/100; Duplicate posting of the same strategy consulting internship with market analysis and client recommendations.	Portal verified; To verify — curricular status, work mode and employer page	2026-09-17		
zeb consulting		No	Amsterdam, North Holland, Netherlands	Business / Innovation Strategy; Consulting / Operations	1. Intern Financial Services Consulting (Amsterdam)	1. https://it.linkedin.com/jobs/view/4465154161	1	extracurricular	onsite	LinkedIn Jobs	No	Not started				Review	[UPDATE EXISTING ROW] 1 new role(s). 1. [pertinente] Match score: 70/100; Financial-services consulting internship with own workstream, recommendations and presentation to stakeholders.	Portal verified; To verify — curricular status, work mode and employer page	2026-09-17		
BearingPoint		No	Amsterdam, North Holland, Netherlands	Transformation / Change; Consulting / Operations	1. Stageopdracht: Programma-/Transformatiemanagement x AI Hoe kan de adoptie van AI onze Programma-capaciteiten en marktproposities verbeteren?	1. https://it.linkedin.com/jobs/view/4430392654	1	curricular	hybrid	LinkedIn Jobs	No	No suitable contact				Review	[UPDATE EXISTING ROW] 1 new role(s). 1. [pertinente] Match score: 68/100; Thesis internship researching AI for programme/transformation management and turning it into consultancy propositions.	Portal verified; To verify — curricular status, work mode and employer page	2026-09-17		
Louis Vuitton		Yes	Milan, Lombardy, Italy	CRM / Customer Intelligence	1. CRM Intern - stage curriculare	1. https://it.linkedin.com/jobs/view/4446834266	1	curricular	To verify	LinkedIn Jobs	To verify	Not started				Review	[NEW COMPANY] 1 new role(s). 1. [pertinente] Match score: 68/100; Analisi dei dati cliente con identificazione di trend e opportunità e sviluppo di iniziative di clienteling: area CRM/Customer Intelligence.	Portal verified; To verify — curricular status, work mode and employer page	2026-09-17		
Mavriq		Yes	Milan, Lombardy, Italy	Consulting / Operations; Transformation / Change	1. Junior Business Analyst - Internship | 2. Junior Process Analyst - Internship	1. https://it.linkedin.com/jobs/view/4461660529 | 2. https://it.linkedin.com/jobs/view/4450093792	2	extracurricular	hybrid	LinkedIn Jobs	To verify	Not started				Review	[NEW COMPANY] 2 new role(s). 1. [pertinente] Match score: 68/100; Requirements definition and internal process analysis with cross-functional teams. 2. [pertinente] Match score: 68/100; Process Analyst twin of the Business Analyst posting: process analysis, requirements definition and QA.	Portal verified; To verify — curricular status, work mode and employer page	2026-09-17		
Deutsche Bank		Yes	Milan, Lombardy, Italy	Business / Innovation Strategy; Consulting / Operations; Service Design / CX	1. Internship Innovation and AI - Cards Issuing and Acquiring - Milano (f/m/x) | 2. Internship - Implementation Support - Corporate Bank Milan (f/m/x) | 3. Internship Cash Service Support - Corporate Bank - Milan (f/m/x)	1. https://it.linkedin.com/jobs/view/4463613219 | 2. https://it.linkedin.com/jobs/view/4447047886 | 3. https://it.linkedin.com/jobs/view/4438843833	3	To verify	To verify	LinkedIn Jobs	To verify	Not started				Review	[NEW COMPANY] 3 new role(s). 1. [pertinente] Match score: 65/100; Business case, prioritizzazione e metriche di iniziative di innovazione. 2. [adiacente] Match score: 35/100; Coordinamento progetti e miglioramento processi in ambito banking operations, senza design di servizio. 3. [adiacente] Match score: 28/100; Presidio richieste clienti con analisi delle performance di servizio e proposte di miglioramento.	Portal verified; To verify — curricular status, work mode and employer page	2026-09-17		
Osservatori Digital Innovation		Yes	Milan, Lombardy, Italy	Business / Innovation Strategy; Product / UX	1. Junior Research Analyst	1. https://it.linkedin.com/jobs/view/4461071598	1	To verify	To verify	LinkedIn Jobs	To verify	Not started				Review	[NEW COMPANY] 1 new role(s). 1. [pertinente] Match score: 65/100; Applied research: interviews, case studies and surveys on digital innovation and customer experience.	Portal verified; To verify — curricular status, work mode and employer page	2026-09-17		
Parva Consulting		Yes	Milan, Lombardy, Italy	Consulting / Operations; Business / Innovation Strategy	1. Analyst Internship	1. https://it.linkedin.com/jobs/view/4467280632	1	To verify	To verify	LinkedIn Jobs	To verify	Not started				Review	[NEW COMPANY] 1 new role(s). 1. [pertinente] Match score: 65/100; Requirements definition, project delivery support and market insight research within a consulting practice.	Portal verified; To verify — curricular status, work mode and employer page	2026-09-17		
Volkswagen Financial Services | Italy		Yes	Milan, Lombardy, Italy	Business / Innovation Strategy; Transformation / Change; CRM / Customer Intelligence	1. Fleet Business Performance & Strategy Specialist Jr - STAGE | 2. Business Intelligence Specialist Jr - STAGE	1. https://it.linkedin.com/jobs/view/4458960216 | 2. https://it.linkedin.com/jobs/view/4466850485	2	To verify	hybrid	LinkedIn Jobs	To verify	Not started				Review	[NEW COMPANY] 2 new role(s). 1. [pertinente] Match score: 65/100; Strategy development, scenario analysis, business planning and strategic project coordination for the fleet department. 2. [adiacente] Match score: 45/100; BI and competitor benchmarking feeding product, marketing and business strategy.	Portal verified; To verify — curricular status, work mode and employer page	2026-09-17		
Grafton Recruitment		Yes	Inverigo, Lombardy, Italy	Transformation / Change; Consulting / Operations	1. Continuous Improvement Intern	1. https://it.linkedin.com/jobs/view/4461190338	1	curricular	To verify	LinkedIn Jobs	To verify	Not started				Review	[NEW COMPANY] 1 new role(s). 1. [pertinente] Match score: 62/100; As-is dei processi tramite interviste, definizione di standard di lavoro e progetti Lean.	Portal verified; To verify — curricular status, work mode and employer page	2026-09-17		
Publicis Sapient		Yes	Greater Milan Metropolitan Area	Transformation / Change; Consulting / Operations; CRM / Customer Intelligence; Service Design / CX	1. Project Manager - Stage curriculare | 2. PM CRM & Marketing Automation Intern	1. https://it.linkedin.com/jobs/view/4460982308 | 2. https://it.linkedin.com/jobs/view/4460985309	2	curricular	hybrid	LinkedIn Jobs	To verify	Not started				Review	[NEW COMPANY] 2 new role(s). 1. [pertinente] Match score: 62/100; Fit-gap (as-is/to-be) analysis plus change management and training support on digital projects. 2. [adiacente] Match score: 50/100; Customer journey/workflow optimisation and audience segmentation, wrapped around campaign execution and CRM maintenance.	Portal verified; To verify — curricular status, work mode and employer page	2026-09-17		
STMicroelectronics Italia		Yes	Cornaredo, Lombardy, Italy	Transformation / Change; Consulting / Operations	1. Quality and Reliability Internship	1. https://it.linkedin.com/jobs/view/4375171711	1	To verify	To verify	LinkedIn Jobs	To verify	Not started				Review	[NEW COMPANY] 1 new role(s). 1. [pertinente] Match score: 60/100; Explicit process mapping by interview and observation, visual modelling, then standardisation and optimisation.	Portal verified; To verify — curricular status, work mode and employer page	2026-09-17		
The Estée Lauder Companies Inc.		Yes	Milan, Lombardy, Italy; Cassina de' Pecchi, Lombardy, Italy	Transformation / Change; Consulting / Operations	1. Italy Internship Supply Chain Process Engineer Assistant | 2. Italy Internship Supply Chain Process Engineer Assistant	1. https://it.linkedin.com/jobs/view/4393417128 | 2. https://it.linkedin.com/jobs/view/4294046575	2	To verify	hybrid	LinkedIn Jobs	To verify	Not started				Review	[NEW COMPANY] 2 new role(s). 1. [pertinente] Match score: 55/100; The assigned project is explicitly process mapping, workflow improvement and continuous improvement. 2. [pertinente] Match score: 55/100; Same process-mapping and workflow-optimisation project, located at Cassina de' Pecchi with a hybrid model.	Portal verified; To verify — curricular status, work mode and employer page	2026-09-17		
Fever		No	Madrid, Community of Madrid, Spain	Business / Innovation Strategy; Transformation / Change	1. M&A Integration Intern	1. https://it.linkedin.com/jobs/view/4434858590	1	curricular	hybrid	LinkedIn Jobs	No	Not started				Review	[UPDATE EXISTING ROW] 1 new role(s). 1. [adiacente] Match score: 64/100; Support role on M&A integration analysis and playbooks - relevant business analysis, but mostly assist/help/support tasks.	Portal verified; To verify — curricular status, work mode and employer page	2026-09-17		
Dassault Systèmes		No	Vélizy-Villacoublay, Île-de-France, France; Barcelona, Catalonia, Spain	Product / UX; Consulting / Operations; Business / Innovation Strategy	1. STAGE - Ingénieur.e Recherche – Conception UI/UX d'un Logiciel d'Imagerie Rétinienne (F/H) | 2. INTERNSHIP - Industry Process Consultant (F/M) | 3. STAGE - Intelligence Concurrentielle IA - CATIA Strategy & Alliance (F/H) | 4. STAGE – Innovation IA & 3D – Aéronautique & Défense (F/H)	1. https://it.linkedin.com/jobs/view/4464310025 | 2. https://it.linkedin.com/jobs/view/4438691273 | 3. https://it.linkedin.com/jobs/view/4464314606 | 4. https://it.linkedin.com/jobs/view/4468257181	4	curricular	onsite | hybrid	LinkedIn Jobs	No	Not started				Review	[UPDATE EXISTING ROW] 4 new role(s). 1. [adiacente] Match score: 62/100; Real UX design plus feedback sessions with clinicians, but the stage is an engineering/front-end profile that also implements the interface. 2. [adiacente] Match score: 55/100; Requirements and business-process analysis maps to Consulting/Operations, but the role is technical onboarding and presales of a 3D software platform. 3. [adiacente] Match score: 52/100; Competitive-intelligence analysis is in scope, but the deliverable is an AI tool and sales demos (engineering base). 4. [adiacente] Match score: 52/100; Market-need and use-case analysis feeding product strategy, but the stage is engineering and builds a 3D demonstrator.	Portal verified; To verify — curricular status, work mode and employer page	2026-09-17		
Philips		No	Amsterdam, North Holland, Netherlands	Consulting / Operations; Transformation / Change; Product / UX	1. Internship: Project Management Office (non-thesis) | 2. Product Design Internship – Philips Avent Experience Innovation	1. https://it.linkedin.com/jobs/view/4462948853 | 2. https://it.linkedin.com/jobs/view/4435099776	2	curricular	onsite	LinkedIn Jobs	No	Not started				Review	[UPDATE EXISTING ROW] 2 new role(s). 1. [adiacente] Match score: 62/100; Process-efficiency analysis and Kaizen/5-Why workshop facilitation, but much of the internship is PMO support and communication. 2. [adiacente] Match score: 50/100; Consumer-insight-to-concept and prototyping loops, but the professional base is physical/industrial product design and the ad says service-design profiles are less suited.	Portal verified; To verify — curricular status, work mode and employer page	2026-09-17		
Glovo		No	Madrid, Community of Madrid, Spain	Business / Innovation Strategy	1. Intern Commercial Strategy Analyst	1. https://it.linkedin.com/jobs/view/4436594469	1	curricular	hybrid	LinkedIn Jobs	No	Not started				Review	[UPDATE EXISTING ROW] 1 new role(s). 1. [adiacente] Match score: 60/100; Commercial performance analysis and recommendations, but the core is dashboards, KPI monitoring and review cadences.	Portal verified; To verify — curricular status, work mode and employer page	2026-09-17		
Saegus		No	Paris, Île-de-France, France	Consulting / Operations; Transformation / Change	1. Consultant·e Agile, Design Thinking, Innovation – Stage de fin d'études | 2. Consultant·e Agile, Design Thinking, Innovation – Stage de fin d'études	1. https://it.linkedin.com/jobs/view/4466887107 | 2. https://it.linkedin.com/jobs/view/4463827662	2	curricular	onsite	LinkedIn Jobs	No	Not started				Review	[UPDATE EXISTING ROW] 2 new role(s). 1. [adiacente] Match score: 58/100; Consulting stage using agile/design-thinking methods on client missions, but the intern's stated tasks are mainly deliverables, workshops, comms and events. 2. [adiacente] Match score: 58/100; Consulting stage with agile/design-thinking methods and client missions, but the intern's stated tasks skew to deliverables, comms and events.	Portal verified; To verify — curricular status, work mode and employer page	2026-09-17		
TikTok		Mixed	Madrid, Community of Madrid, Spain; Milan, Lombardy, Italy	Business / Innovation Strategy; Consulting / Operations; CRM / Customer Intelligence	1. Strategy Analyst Project Intern (Chinese Speaker) (TikTok Shop Spain) - 2026 Start | 2. Category Growth Analyst Project Intern (TikTok Shop Italy - Beauty) - 2026 Start (BS/MS)	1. https://it.linkedin.com/jobs/view/4454264969 | 2. https://it.linkedin.com/jobs/view/4427895886	2	curricular	onsite	LinkedIn Jobs	No	Not started				Review	[UPDATE EXISTING ROW] 2 new role(s). 1. [adiacente] Match score: 58/100; Data analysis to surface opportunities and solutions for TikTok Shop, but the role is largely trackers, operational documents and cross-team execution. 2. [adiacente] Match score: 45/100; Category and creator-commerce analytics with campaign execution, insights feeding category growth.	Portal verified; To verify — curricular status, work mode and employer page	2026-09-17		
Adecco		Yes	Milan, Lombardy, Italy	Business / Innovation Strategy; Consulting / Operations	1. Strategy Consultant Intern	1. https://it.linkedin.com/jobs/view/4446662067	1	curricular	To verify	LinkedIn Jobs	To verify	Not started				Review	[NEW COMPANY] 1 new role(s). 1. [adiacente] Match score: 55/100; Strategic-insight analysis and business-development support in a consulting delivery team.	Portal verified; To verify — curricular status, work mode and employer page	2026-09-17		
BoF Careers		Yes	Milan, Lombardy, Italy	CRM / Customer Intelligence	1. Moncler E-CRM & Customer Engagement Intern	1. https://it.linkedin.com/jobs/view/4459479900	1	To verify	To verify	LinkedIn Jobs	To verify	Not started				Review	[NEW COMPANY] 1 new role(s). 1. [adiacente] Match score: 55/100; CRM contact-strategy and campaign work with test-and-learn analysis of engagement performance.	Portal verified; To verify — curricular status, work mode and employer page	2026-09-17		
Bottega Veneta		Yes	Milan, Lombardy, Italy	CRM / Customer Intelligence; Service Design / CX	1. BOTTEGA VENETA CRM Campaign Intern (Curricular Internship) | 2. BOTTEGA VENETA EMEA Client Development Intern	1. https://it.linkedin.com/jobs/view/4458765293 | 2. https://it.linkedin.com/jobs/view/4460322277	2	curricular	To verify	LinkedIn Jobs	To verify	Not started				Review	[NEW COMPANY] 2 new role(s). 1. [adiacente] Match score: 55/100; CRM campaign execution with journey updates and data-driven optimisation proposals. 2. [adiacente] Match score: 45/100; Client-journey feedback and market analysis sit inside an event-planning and clienteling role.	Portal verified; To verify — curricular status, work mode and employer page	2026-09-17		
Kedrion Biopharma		Yes	Milan, Lombardy, Italy	Business / Innovation Strategy; Transformation / Change	1. Global Operations Strategy Internship	1. https://it.linkedin.com/jobs/view/4458393083	1	To verify	To verify	LinkedIn Jobs	To verify	Not started				Review	[NEW COMPANY] 1 new role(s). 1. [adiacente] Match score: 55/100; Business case, governance e use case digitali in Operations globali, ma il baricentro è piattaforma dati/BI e master data.	Portal verified; To verify — curricular status, work mode and employer page	2026-09-17		
indigo.ai		Yes	Milan, Lombardy, Italy	Product / UX; Service Design / CX	1. AI Implementation Intern - Milan	1. https://it.linkedin.com/jobs/view/4406573873	1	To verify	To verify	LinkedIn Jobs	No	Contacted				Review	[UPDATE EXISTING ROW] 1 new role(s). 1. [adiacente] Match score: 52/100; Disegno di flussi conversazionali e traduzione di requisiti, ma il ruolo è implementazione tecnica di agenti AI (LLM, API, codice).	Portal verified; To verify — curricular status, work mode and employer page	2026-09-17		
Euronext		Yes	Milan, Lombardy, Italy	Transformation / Change; Consulting / Operations; Service Design / CX	1. Euronext Clearing - Operations Projects, Quality & Transformation (OPTQ), Intern | 2. Euronext Securities - Functional Analyst Data Automation Messaging, internship | 3. Euronext Securities - Executive Account Management intern | 4. Euronext Securities - Executive Account Management, intern	1. https://it.linkedin.com/jobs/view/4450242243 | 2. https://it.linkedin.com/jobs/view/4463615291 | 3. https://it.linkedin.com/jobs/view/4447078056 | 4. https://it.linkedin.com/jobs/view/4447073088	4	To verify	To verify	LinkedIn Jobs	To verify	Not started				Review	[NEW COMPANY] 4 new role(s). 1. [adiacente] Match score: 50/100; Raccolta requisiti e supporto alla roadmap di trasformazione, con forte componente di monitoraggio e reporting. 2. [adiacente] Match score: 48/100; Raccolta requisiti, gap analysis e documentazione di alternative in ambito IT/RPA. 3. [adiacente] Match score: 30/100; Gestione richieste clienti con analisi dei trend e proposte di miglioramento delle procedure. 4. [adiacente] Match score: 30/100; Posting duplicato del precedente: gestione richieste clienti con analisi dei trend di servizio.	Portal verified; To verify — curricular status, work mode and employer page	2026-09-17		
Hippocrates Holding S.p.A. | B Corp		Yes	Milan, Lombardy, Italy	Consulting / Operations; Transformation / Change	1. Supply Chain & IT Analyst – Intern	1. https://it.linkedin.com/jobs/view/4443606311	1	To verify	hybrid	LinkedIn Jobs	To verify	Not started				Review	[NEW COMPANY] 1 new role(s). 1. [adiacente] Match score: 50/100; Analisi e ottimizzazione di processi con raccolta requisiti, ma in chiave sistemi IT (WMS/ERP), più vicino a configurazione che a design.	Portal verified; To verify — curricular status, work mode and employer page	2026-09-17		
SDG Group Italy		Yes	Milan, Lombardy, Italy	Transformation / Change; Consulting / Operations	1. Junior Process Mining Analyst	1. https://it.linkedin.com/jobs/view/4463026662	1	To verify	hybrid	LinkedIn Jobs	To verify	Not started				Review	[NEW COMPANY] 1 new role(s). 1. [adiacente] Match score: 50/100; Data-driven end-to-end process analysis and operating-model redesign, but tool and engineering heavy.	Portal verified; To verify — curricular status, work mode and employer page	2026-09-17		
sennder		Yes	Milan, Lombardy, Italy	Consulting / Operations; Transformation / Change	1. Operations & Carrier Quality Intern | 2. Operations Quality Support Internship	1. https://it.linkedin.com/jobs/view/4380983254 | 2. https://it.linkedin.com/jobs/view/4459824040	2	To verify	onsite	LinkedIn Jobs	To verify	Not started				Review	[NEW COMPANY] 2 new role(s). 1. [adiacente] Match score: 50/100; Service-quality programme with process improvement and requirements drafting, mixed with operational admin. 2. [adiacente] Match score: 40/100; Root-cause analysis and process recommendations, but heavy on data entry, document checking and reports.	Portal verified; To verify — curricular status, work mode and employer page	2026-09-17		
ATM - Azienda Trasporti Milanesi		Yes	Milan, Lombardy, Italy	Consulting / Operations; Transformation / Change	1. STAGE IT PROJECT MANAGER	1. https://it.linkedin.com/jobs/view/4462824279	1	To verify	To verify	LinkedIn Jobs	To verify	Not started				Review	[NEW COMPANY] 1 new role(s). 1. [adiacente] Match score: 48/100; Requirements and process analysis plus demand collection inside IT/digital-transformation projects.	Portal verified; To verify — curricular status, work mode and employer page	2026-09-17		
Bolton		Yes	Milan, Lombardy, Italy	Transformation / Change; Consulting / Operations	1. Junior Project Manager Intern	1. https://it.linkedin.com/jobs/view/4447432159	1	To verify	To verify	LinkedIn Jobs	No	Not started				Review	[UPDATE EXISTING ROW] 1 new role(s). 1. [adiacente] Match score: 48/100; ERP rollout project support with process and change analysis, but a large share is documentation and presentations.	Portal verified; To verify — curricular status, work mode and employer page	2026-09-17		
Minor Hotels Europe and Americas		Yes	Milan, Lombardy, Italy	CRM / Customer Intelligence; Business / Innovation Strategy	1. Stage Sales & Development Data Analyst - Coperama Italy	1. https://it.linkedin.com/jobs/view/4465021689	1	To verify	onsite	LinkedIn Jobs	To verify	Not started				Review	[NEW COMPANY] 1 new role(s). 1. [adiacente] Match score: 48/100; Client and market data analysis feeding sales decisions, but no experience/relationship design content.	Portal verified; To verify — curricular status, work mode and employer page	2026-09-17		
PROTOS		Yes	Greater Milan Metropolitan Area	Sustainability	1. Stage – Energy Transition & Decarbonization Advisory	1. https://it.linkedin.com/jobs/view/4458229982	1	To verify	onsite	LinkedIn Jobs	To verify	Not started				Review	[NEW COMPANY] 1 new role(s). 1. [adiacente] Match score: 48/100; New sustainability service development alongside largely technical due-diligence and data work.	Portal verified; To verify — curricular status, work mode and employer page	2026-09-17		
AGIC		Yes	Milan, Lombardy, Italy	Consulting / Operations; CRM / Customer Intelligence	1. Microsoft Dynamics 365 Customer Engagement Junior	1. https://it.linkedin.com/jobs/view/4465524737	1	To verify	To verify	LinkedIn Jobs	To verify	Not started				Review	[NEW COMPANY] 1 new role(s). 1. [adiacente] Match score: 45/100; Gap/process analysis on CRM processes, but the deliverable is platform configuration for Dynamics 365.	Portal verified; To verify — curricular status, work mode and employer page	2026-09-17		
Catawiki		No	The Randstad, Netherlands	CRM / Customer Intelligence	1. CRM Marketing Intern	1. https://it.linkedin.com/jobs/view/4460730978	1	curricular	hybrid	LinkedIn Jobs	No	Not started				Review	[UPDATE EXISTING ROW] 1 new role(s). 1. [adiacente] Match score: 45/100; Campaign operations and a CRM support channel with some A/B and post-campaign analysis - close to the CRM limit 'just sending campaigns'.	Portal verified; To verify — curricular status, work mode and employer page	2026-09-17		
Humanitas San Pio X		Yes	Milan, Lombardy, Italy	Consulting / Operations	1. Inpatient Operations Intern	1. https://it.linkedin.com/jobs/view/4448786715	1	To verify	onsite	LinkedIn Jobs	To verify	Not started				Review	[NEW COMPANY] 1 new role(s). 1. [adiacente] Match score: 45/100; Pianificazione di capacità e analisi degli scostamenti nel percorso paziente: operations sanitarie, solo indirettamente vicino ai processi.	Portal verified; To verify — curricular status, work mode and employer page	2026-09-17		
OMTRA1956 Benefit Corporation		Yes	Milan, Lombardy, Italy	Sustainability	1. Sustainability Specialist- Stage full time retribuito	1. https://it.linkedin.com/jobs/view/4468213322	1	To verify	hybrid	LinkedIn Jobs	To verify	Not started				Review	[NEW COMPANY] 1 new role(s). 1. [adiacente] Match score: 45/100; Sustainability strategy support and circular initiatives, but the required professional base is GHG/LCA calculation and certification compliance.	Portal verified; To verify — curricular status, work mode and employer page	2026-09-17		
PROMETEON TYRE GROUP		Yes	Milan, Lombardy, Italy	Business / Innovation Strategy; Consulting / Operations	1. Pricing Intern Italy | 2. Network Planning Intern	1. https://it.linkedin.com/jobs/view/4467214521 | 2. https://it.linkedin.com/jobs/view/4462854068	2	To verify	hybrid	LinkedIn Jobs	To verify	Not started				Review	[NEW COMPANY] 2 new role(s). 1. [adiacente] Match score: 45/100; Commercial pricing analysis producing data-based recommendations, but no market/scenario or business-model design. 2. [adiacente] Match score: 32/100; Supply-chain/network planning operations with data analysis and only marginal process-improvement input.	Portal verified; To verify — curricular status, work mode and employer page	2026-09-17		
Safetykleen		Yes	Pero, Lombardy, Italy	Service Design / CX; CRM / Customer Intelligence	1. STAGE- ASSISTENZA CLIENTI	1. https://it.linkedin.com/jobs/view/4462532594	1	To verify	hybrid	LinkedIn Jobs	To verify	Not started				Review	[NEW COMPANY] 1 new role(s). 1. [adiacente] Match score: 45/100; Customer feedback turned into insights and improvement areas, but embedded in inbound customer assistance and retention reporting.	Portal verified; To verify — curricular status, work mode and employer page	2026-09-17		
Salesforce		No	Amsterdam, North Holland, Netherlands	Consulting / Operations	1. Salesforce Internships - Amsterdam (September Start date)	1. https://it.linkedin.com/jobs/view/4429120214	1	curricular	hybrid	LinkedIn Jobs	No	Contacted				Review	[UPDATE EXISTING ROW] 1 new role(s). 1. [adiacente] Match score: 45/100; One of the three hub paths is discovery/requirements (Solutions Engineering), but the others are sales and partner management, and the work is presales configuration.	Portal verified; To verify — curricular status, work mode and employer page	2026-09-17		
Trademybusiness.com		Yes	Greater Milan Metropolitan Area	Consulting / Operations; Business / Innovation Strategy	1. Junior operations - M&A (Stage)	1. https://it.linkedin.com/jobs/view/4464483585	1	To verify	hybrid	LinkedIn Jobs	To verify	Not started				Review	[NEW COMPANY] 1 new role(s). 1. [adiacente] Match score: 45/100; M&A deal operations support: analysis, buyer mapping, CRM upkeep and process improvement.	Portal verified; To verify — curricular status, work mode and employer page	2026-09-17		
adidas		Yes	Milan, Lombardy, Italy	Business / Innovation Strategy	1. Internship Program 2027 - Sales	1. https://it.linkedin.com/jobs/view/4461880917	1	To verify	To verify	LinkedIn Jobs	To verify	Not started				Review	[NEW COMPANY] 1 new role(s). 1. [adiacente] Match score: 42/100; Sales-department internship with market/competitor research and trend analysis; commercial base.	Portal verified; To verify — curricular status, work mode and employer page	2026-09-17		
Arcadis		Yes	Milan, Lombardy, Italy	Consulting / Operations	1. Project Management Intern	1. https://it.linkedin.com/jobs/view/4431247828	1	To verify	To verify	LinkedIn Jobs	To verify	Not started				Review	[NEW COMPANY] 1 new role(s). 1. [adiacente] Match score: 42/100; Project-management support with scheduling, budget and stakeholder coordination in construction/engineering.	Portal verified; To verify — curricular status, work mode and employer page	2026-09-17		
Adare Pharma Solutions		Yes	Pessano con Bornago, Lombardy, Italy	Transformation / Change	1. Operational Excellence Intern	1. https://it.linkedin.com/jobs/view/4458410315	1	To verify	To verify	LinkedIn Jobs	To verify	Not started				Review	[NEW COMPANY] 1 new role(s). 1. [adiacente] Match score: 40/100; Operational-excellence data analysis for continuous-improvement initiatives; industrial/pharma operations base.	Portal verified; To verify — curricular status, work mode and employer page	2026-09-17		
Arup		Yes	Milan, Lombardy, Italy	Consulting / Operations	1. Programme and Project Management Internship	1. https://it.linkedin.com/jobs/view/4467203312	1	To verify	To verify	LinkedIn Jobs	To verify	Not started				Review	[NEW COMPANY] 1 new role(s). 1. [adiacente] Match score: 40/100; Project/PMO support in the built environment; mainly documentation and tracking, with workshop exposure.	Portal verified; To verify — curricular status, work mode and employer page	2026-09-17		
Omnia Technologies Life Sciences		Yes	San Colombano al Lambro, Lombardy, Italy	Consulting / Operations	1. Stage Project Management / Engineering Projects	1. https://it.linkedin.com/jobs/view/4467058223	1	To verify	onsite	LinkedIn Jobs	To verify	Not started				Review	[NEW COMPANY] 1 new role(s). 1. [adiacente] Match score: 40/100; Project-management support on engineering orders: coordination, data analysis and reporting rather than design.	Portal verified; To verify — curricular status, work mode and employer page	2026-09-17		
Snowit		Yes	Milan, Lombardy, Italy	Service Design / CX; Consulting / Operations	1. Operations Intern	1. https://it.linkedin.com/jobs/view/4446579465	1	To verify	To verify	LinkedIn Jobs	To verify	Not started				Review	[NEW COMPANY] 1 new role(s). 1. [adiacente] Match score: 40/100; Mostly marketplace product operations, with a feedback-analysis and improvement slice.	Portal verified; To verify — curricular status, work mode and employer page	2026-09-17		
Carglass® Italia		Yes	Milan, Lombardy, Italy	Business / Innovation Strategy	1. Business Analyst Support - Intern	1. https://it.linkedin.com/jobs/view/4441601729	1	To verify	hybrid	LinkedIn Jobs	To verify	Not started				Review	[NEW COMPANY] 1 new role(s). 1. [adiacente] Match score: 38/100; Supporto analitico FP&A a decisioni di business, ma senza analisi di mercato o business case.	Portal verified; To verify — curricular status, work mode and employer page	2026-09-17		
Roveda 1955		Yes	Parabiago, Lombardy, Italy	Transformation / Change; Consulting / Operations	1. Stage in Process Quality	1. https://it.linkedin.com/jobs/view/4467717231	1	To verify	onsite	LinkedIn Jobs	To verify	Not started				Review	[NEW COMPANY] 1 new role(s). 1. [adiacente] Match score: 38/100; Quality process monitoring with root-cause and corrective-action work: process improvement on a technical quality base.	Portal verified; To verify — curricular status, work mode and employer page	2026-09-17		
Enpal		Yes	Milan, Lombardy, Italy	Consulting / Operations	1. Operations Manager Intern	1. https://it.linkedin.com/jobs/view/4466072657	1	curricular	onsite	LinkedIn Jobs	To verify	Not started				Review	[NEW COMPANY] 1 new role(s). 1. [adiacente] Match score: 35/100; Analisi di processo e coordinamento operativo di progetto in ambito fotovoltaico.	Portal verified; To verify — curricular status, work mode and employer page	2026-09-17		
Pierre Fabre Laboratories		Yes	Milan, Lombardy, Italy	CRM / Customer Intelligence; Transformation / Change	1. CRM Local Admin and Amazon Support Trainee	1. https://it.linkedin.com/jobs/view/4449749762	1	To verify	To verify	LinkedIn Jobs	To verify	Not started				Review	[NEW COMPANY] 1 new role(s). 1. [adiacente] Match score: 35/100; Mostly CRM/ERP administration and data entry, with some sales-process and Amazon channel analysis.	Portal verified; To verify — curricular status, work mode and employer page	2026-09-17		
Sella		Yes	Milan, Lombardy, Italy	Business / Innovation Strategy	1. Junior Economist - Internship	1. https://it.linkedin.com/jobs/view/4462789033	1	To verify	hybrid	LinkedIn Jobs	To verify	Not started				Review	[NEW COMPANY] 1 new role(s). 1. [adiacente] Match score: 35/100; Scenario analysis and alternative-scenario reasoning, but on a macro-financial base rather than business design.	Portal verified; To verify — curricular status, work mode and employer page	2026-09-17		
Sisal		Yes	Milan, Lombardy, Italy	Business / Innovation Strategy	1. Business Analyst Trainee	1. https://it.linkedin.com/jobs/view/4467183488	1	To verify	hybrid	LinkedIn Jobs	To verify	Not started				Review	[NEW COMPANY] 1 new role(s). 1. [adiacente] Match score: 35/100; Commercial channel analytics and reporting; analytical support only, no strategy or experience output.	Portal verified; To verify — curricular status, work mode and employer page	2026-09-17		
Venchi		Yes	Milan, Lombardy, Italy	Service Design / CX; CRM / Customer Intelligence	1. Customer Care Intern	1. https://it.linkedin.com/jobs/view/4457460853	1	curricular	hybrid	LinkedIn Jobs	To verify	Not started				Review	[NEW COMPANY] 1 new role(s). 1. [adiacente] Match score: 35/100; Customer-care core, surrounded by CRM ticketing optimisation, AI-in-care projects and customer-insight reporting.	Portal verified; To verify — curricular status, work mode and employer page	2026-09-17		
CHANEL		Yes	Vittuone, Lombardy, Italy	Sustainability	1. Stage Packaging	1. https://it.linkedin.com/jobs/view/4446903903	1	To verify	To verify	LinkedIn Jobs	To verify	Not started				Review	[NEW COMPANY] 1 new role(s). 1. [adiacente] Match score: 32/100; Analisi e riprogettazione del packaging per ridurre rifiuti: sostenibilità applicata a livello di componente.	Portal verified; To verify — curricular status, work mode and employer page	2026-09-17		
DNV		Yes	Milan, Lombardy, Italy	Service Design / CX; CRM / Customer Intelligence	1. Customer Support Onboarding Internship	1. https://it.linkedin.com/jobs/view/4463484165	1	To verify	To verify	LinkedIn Jobs	To verify	Not started				Review	[NEW COMPANY] 1 new role(s). 1. [adiacente] Match score: 32/100; Onboarding e adozione clienti su piattaforme digitali con monitoraggio KPI e miglioramento continuo.	Portal verified; To verify — curricular status, work mode and employer page	2026-09-17		
Frette		Yes	Milan, Lombardy, Italy	Consulting / Operations	1. Retail Operations Intern	1. https://it.linkedin.com/jobs/view/4463478873	1	To verify	To verify	LinkedIn Jobs	To verify	Not started				Review	[NEW COMPANY] 1 new role(s). 1. [adiacente] Match score: 30/100; Operations retail: monitoraggio processi, procedure operative e reportistica KPI.	Portal verified; To verify — curricular status, work mode and employer page	2026-09-17		
Scalian		Yes	Milan, Lombardy, Italy	Consulting / Operations	1. PM/PMO Internship	1. https://it.linkedin.com/jobs/view/4444439886	1	To verify	To verify	LinkedIn Jobs	To verify	Not started				Review	[NEW COMPANY] 1 new role(s). 1. [adiacente] Match score: 30/100; Project-office planning, monitoring and reporting support; more than minutes but still project administration.	Portal verified; To verify — curricular status, work mode and employer page	2026-09-17		
Tramundi		Yes	Milan, Lombardy, Italy	Service Design / CX	1. Customer care specialist (stage)	1. https://it.linkedin.com/jobs/view/4462204425	1	To verify	hybrid	LinkedIn Jobs	To verify	Not started				Review	[NEW COMPANY] 1 new role(s). 1. [adiacente] Match score: 30/100; Predominantly customer care, with a genuine feedback-analysis and service-procedure slice.	Portal verified; To verify — curricular status, work mode and employer page	2026-09-17		
